feature,importance
season_Dry,0.20574815918622838
humidity_pct,0.17978975804091812
rainfall_mm,0.16891677640186784
month,0.05776326073604963
season_Long_Rains,0.05410390063196623
season_Short_Rains,0.050331876417165744
rainfall_3m_avg,0.04153071224660034
year,0.039985918534802996
humidity_3m_avg,0.038892018229688026
temp_3m_avg,0.03468634222800985
cases_lag_3,0.03403980927849228
cases_lag_2,0.03255969113011902
cases_lag_1,0.03133921106258541
temp_mean_c,0.030312565875506167
