,Accuracy,Precision,Recall,F1-Score
Random Forest,0.8418803418803419,0.8346670441788613,0.8418803418803419,0.83771371945285
XGBoost,0.8162393162393162,0.807247737410465,0.8162393162393162,0.8112749730141036
Logistic Regression,0.811965811965812,0.7794128482515906,0.811965811965812,0.7892723578199989
