,Accuracy,Precision,Recall,F1-Score
Random Forest,0.9895760945100764,0.9896659030373506,0.9895760945100764,0.9895226489343549
XGBoost,0.9923558026407228,0.9923870179591733,0.9923558026407228,0.9923320710487898
Logistic Regression,0.9381514940931203,0.9379921470185069,0.9381514940931203,0.9380148733614995
